vib_mean,vib_std,dist_mean,dist_std,temp_mean,temp_slope,current_mean,current_std,rpm_mean,rpm_std
0.1265,0.015213480864023198,13.983,0.11081967334368018,30.014,0.0799999999999983,200.95,3.0861788671429924,60.07000000000001,0.7253275122315435
0.12480000000000002,0.014891608375189026,13.959999999999999,0.09674709297958246,30.016999999999996,0.08000000000000185,200.31,3.695794907729597,60.010000000000005,0.7034912934784623
0.1213,0.016571360837299993,13.962,0.09568698971124538,30.03,0.09999999999999787,200.32000000000002,3.689932248700513,59.82000000000001,0.886340792246413
0.126,0.01708800749063506,13.975,0.10433120338613931,30.032,-0.010000000000001563,200.54000000000002,3.9585856059961633,59.81,0.888200427831466
0.1227,0.015434053258946593,13.993,0.0945568612000206,30.036,0.08000000000000185,199.68,4.928245123773775,59.81,0.8882004278314659
0.1227,0.015434053258946591,13.975999999999999,0.09799999999999967,30.040999999999997,-0.010000000000001563,199.44,4.593517170970409,59.76000000000001,0.8499411744350305
0.1189,0.013823530663329106,13.965,0.09167878707749101,30.035000000000004,-0.08999999999999986,200.11999999999998,4.655276576101573,59.61,0.6347440429023334
0.1206,0.013032267646115927,13.969,0.0864233764672496,30.026,-0.10999999999999943,200.28,4.644954251658458,59.510000000000005,0.5787054518492113
0.12349999999999998,0.014793579688500005,14.006,0.11490865937778569,30.017999999999994,0.019999999999999574,200.44000000000003,4.618701116114788,59.45,0.6264982043070828
0.1227,0.015277761616153065,14.007,0.11593532679903917,30.014999999999997,-0.129999999999999,200.82999999999998,5.032106914603461,59.55000000000001,0.6422616289332559
0.12050000000000001,0.015363918770938614,14.013,0.11747765745025737,30.01,0.0,201.05,5.104164965986107,59.61,0.714772691140337
0.12149999999999998,0.015622099730830038,14.016,0.11542963224406469,30.014000000000003,-0.00999999999999801,201.73999999999998,4.569945295077387,59.620000000000005,0.7208328516376038
0.12210000000000001,0.014801689092802887,14.032999999999998,0.11252110913068719,30.004,-0.019999999999999574,202.72999999999996,4.764042401154712,59.75,0.55
0.11420000000000001,0.01886160120456373,14.030000000000001,0.11108555261599065,30.000999999999998,-0.08000000000000185,201.68,5.033050764695302,59.730000000000004,0.5586591089385372
0.1155,0.019381692392564688,14.02,0.11593101396951563,29.996000000000002,-0.019999999999999574,202.27,3.952986212978741,59.67,0.6388270501473778
0.1139,0.019023406634985224,14.061000000000002,0.13072490198887132,29.987000000000002,-0.03999999999999915,201.68,3.9417762493576425,59.69,0.6579513659838392
0.11579999999999999,0.019286264542414635,14.057999999999998,0.1331014650557988,29.988,0.010000000000001563,200.95,4.186943992938045,59.71,0.6700000000000002
0.11760000000000001,0.020577657787027172,14.079000000000002,0.11742657280190036,29.993000000000002,0.019999999999999574,201.38,4.356558274601636,59.7,0.6752777206453655
0.11410000000000002,0.018490267710338865,14.037,0.12369721096289922,29.99,0.019999999999999574,202.01,4.617022850279169,59.9,0.6449806198638849
0.11470000000000002,0.018444782460088814,14.044,0.13055267136294058,29.990000000000002,-0.08000000000000185,200.57,4.857169957907584,59.960000000000015,0.6873136110975844
0.11710000000000002,0.019222122671546972,14.046000000000001,0.13108775686539134,29.985000000000003,-0.08999999999999986,199.76999999999998,4.933974057491585,59.98,0.7110555533852477
0.11359999999999999,0.019734234213670418,14.039000000000001,0.13772799279739728,29.976000000000006,0.0,199.41,4.955088293865204,59.96,0.7102112361825886
0.11120000000000001,0.022076231562474607,14.013,0.14966963619919676,29.975,0.0,198.97,4.31834459023362,60.080000000000005,0.7236021006050225
0.1189,0.019659348921060436,14.023,0.1563361762357002,29.978999999999996,0.010000000000001563,199.75,4.361479106908569,60.15,0.6873863542433766
0.11660000000000001,0.019688575367456124,14.030000000000001,0.1531012736720368,29.984999999999996,0.129999999999999,200.15,4.245291509425468,60.3,0.4582575694955851
0.1166,0.019688575367456124,14.029999999999998,0.1531012736720368,29.983000000000004,-0.07000000000000028,200.01,4.300337196081252,60.28000000000001,0.457820925690385
0.11439999999999999,0.019632625906892843,14.020000000000001,0.1616786937107048,29.986,-0.00999999999999801,200.35,4.124378741095437,60.32000000000001,0.4664761515876252
0.11339999999999999,0.018526737435393206,14.005,0.1623730273167311,29.99,0.08999999999999986,199.92000000000002,3.830874573775546,60.36,0.38781438859330636
0.11120000000000001,0.020043951706188078,14.011000000000001,0.15680880077342563,29.992,0.03999999999999915,199.57,3.3214605221197457,60.42999999999999,0.4920365840057011
0.1122,0.020502682751288914,14.003,0.1487985214980307,29.993999999999993,-0.010000000000001563,200.23999999999998,2.5827117531772688,60.2,0.7707139547199078
0.11299999999999999,0.021470910553583886,14.012,0.15632018423735272,29.988000000000007,-0.05999999999999872,200.73999999999998,2.0929405151604277,60.089999999999996,0.7408778576796587
0.1182,0.022741152125607005,14.019,0.1517530889306703,29.988000000000007,0.010000000000001563,201.45,2.0776188293332356,60.17,0.7590125163658374
0.12229999999999999,0.018847015678881363,14.035,0.13887044321957043,29.993000000000002,0.00999999999999801,200.85999999999996,2.1896118377465887,60.08,0.7440430095095315
0.1193,0.016970857373745145,14.01,0.13475904422338386,29.99,-0.0799999999999983,200.38,2.0817300497422795,60.120000000000005,0.7547184905645288
0.1197,0.016697604618627186,14.034,0.1496128336741202,29.976000000000006,0.010000000000001563,200.25,2.0982135258357264,60.089999999999996,0.760854782465091
0.11809999999999998,0.018157367650626012,13.994,0.12768711759609885,29.994,0.0799999999999983,200.43,1.9432189789110197,60.05,0.7645259969418966
0.1177,0.01848269460874144,14.014,0.11723480711802266,29.984,-0.14999999999999858,200.55,1.9314502323383809,59.86999999999999,0.8234682750416079
0.11379999999999998,0.019559141085436237,14.036000000000001,0.1200166655094199,29.977000000000004,0.0,200.51000000000002,1.9320714272510697,60.160000000000004,1.1560276813294752
0.1177,0.017838441635972573,14.046000000000001,0.11128342194594844,29.979000000000003,0.0400000000000027,200.36999999999998,1.7765415840897154,60.04,1.0809255293497342
0.11510000000000001,0.018327302038216097,14.014,0.12986146464598333,29.985000000000003,0.10999999999999943,200.23,1.853672031401455,60.07000000000001,1.0383159442096621
0.11270000000000002,0.016081355664246715,14.017,0.1339440181568405,30.002,0.10999999999999943,199.36999999999998,3.046982113501819,59.99000000000001,1.0857716150277652
0.10510000000000001,0.016034026319050373,14.01,0.13899640283115242,30.003999999999998,-0.019999999999999574,198.65,2.5334758731829314,59.910000000000004,1.0596697598780485
0.1042,0.01535447817413539,14.017,0.13957435294494472,29.999000000000002,-0.010000000000001563,198.71,2.519702363375488,60.05999999999999,1.1368377192897852
0.1028,0.014749915253993835,14.013,0.1428320692281673,30.002999999999997,0.09999999999999787,199.28000000000003,3.0432876958973205,60.010000000000005,1.1273420066687838
0.10729999999999999,0.021554813847491236,14.008000000000001,0.13585286158193338,30.014,-0.05999999999999872,199.42000000000002,3.077596464775722,60.029999999999994,1.1252110913068714
0.10770000000000002,0.021359073013593077,14.001,0.14334922392534938,30.007999999999992,0.120000000000001,200.31,4.091808890942981,59.96,1.158619868636819
0.10969999999999999,0.021573363205582945,13.996,0.14277254638059786,30.017999999999994,0.020000000000003126,200.95,4.602662273076315,60.029999999999994,1.1063905277974857
0.1155,0.023478713763747792,13.975,0.1337348122217995,30.022000000000002,0.019999999999999574,200.97,4.600228255206478,59.760000000000005,0.7017121917139523
0.1169,0.02451713686383465,13.982,0.13614697940094,30.013000000000005,-0.10999999999999943,201.37,4.823494583805401,59.779999999999994,0.7166589146867554
0.12029999999999999,0.024294237999986746,14.005,0.12216791722870612,30.005000000000003,-0.14000000000000057,201.01999999999998,5.12909348715736,59.92,0.6225752966509344
0.12069999999999999,0.024286004199950226,13.956,0.1282341608152833,30.002999999999997,0.07000000000000028,201.61999999999998,4.340921561143444,59.98,0.5564171097297412
0.12460000000000002,0.018413038858374246,13.968,0.1261586303032811,30.004,0.0400000000000027,201.05,5.155434026345412,60.14,0.7172168430816435
0.1267,0.01805020775503706,14.005,0.187203098264959,30.008,-0.00999999999999801,200.95000000000002,5.215218116244043,60.07000000000001,0.6293647591023823
0.12710000000000002,0.017558188972670273,14.031,0.18608868853318286,30.009000000000004,0.0,200.66,5.094546103432577,60.230000000000004,0.7772387020729218
0.12109999999999999,0.017247898422706458,14.019,0.1798582775409571,30.009000000000004,0.0,200.12,5.331753932806732,60.29,0.7803204469959761
0.12569999999999998,0.016870388258721253,14.016,0.1833684814792335,29.997000000000007,-0.10000000000000142,199.22000000000003,4.562192455388095,60.43000000000001,0.6723838189605698
0.12320000000000002,0.019088216260300488,14.013,0.1840135864549137,29.995000000000005,-0.0400000000000027,198.27,3.685661406043701,60.50999999999999,0.6007495318350239
0.1206,0.017059894489708897,14.016,0.18304097901836075,29.996000000000002,0.11999999999999744,198.03,3.6100000000000043,60.61999999999999,0.5793099343184096
0.119,0.015773395322504283,13.998,0.1866440462484672,30.005000000000003,0.060000000000002274,198.38,4.4242061434793065,60.669999999999995,0.5797413216254297
0.11920000000000001,0.015973728431396345,14.004999999999999,0.1890105817143579,30.009000000000004,-0.08000000000000185,198.62,4.303208105588206,60.68000000000001,0.5706137047074841
0.11769999999999999,0.016340440630533803,14.019,0.17178183838811367,29.999000000000002,-0.0400000000000027,198.64,4.3012091323254715,60.68000000000001,0.5706137047074841
0.1212,0.017982213434391218,14.007,0.1768078052575734,29.994,-0.05000000000000071,199.65,3.696281915655246,60.709999999999994,0.6187891401761986
0.1193,0.017635475610257863,13.963,0.10705606008068874,29.998,0.019999999999999574,200.05,3.647259244967379,60.48,0.9537295214053093
0.12450000000000001,0.020650665848829183,13.965,0.11047624178980756,30.0,0.019999999999999574,199.70000000000002,3.6592348927064,60.249999999999986,0.933005894943864
0.1282,0.018203296404772407,13.965,0.11047624178980756,29.996,0.0799999999999983,200.45,3.464462440264004,60.160000000000004,0.9382963284591921
0.124,0.018681541692269404,14.016,0.1332816566523691,30.005000000000003,0.010000000000001563,199.67000000000002,4.372196244451985,60.080000000000005,0.94
0.1248,0.017605680901345455,14.037,0.13921566003866087,30.004,-0.05999999999999872,200.12,4.388120326517954,60.1,0.9465727652959384
0.12290000000000001,0.018689301752607027,14.001999999999999,0.18733926443754412,29.998,-0.030000000000001137,200.00000000000003,4.457577817604538,60.05,0.9102197536858886
0.12410000000000002,0.019164811504421328,14.01,0.1836300628982087,29.997000000000003,0.010000000000001563,198.88,3.213658351474224,60.06,0.92
0.119,0.021908902300206645,14.024000000000001,0.1949461464097203,29.999000000000002,0.0400000000000027,198.91,3.2020149905957696,60.11999999999999,0.9463614531456782
0.12449999999999999,0.024904818810824545,14.025,0.1941262475813101,29.997000000000003,-0.010000000000001563,199.15,3.2370511271835083,60.23,0.9434511116109833
0.11840000000000002,0.026552589327596663,14.015,0.20367866849525545,29.996,-0.10000000000000142,198.87,3.1144983544705904,60.04,0.7863841300535006
0.1197,0.026623485872439772,14.013,0.20401225453388863,29.986,-0.10000000000000142,198.58999999999997,2.9981494292313076,60.080000000000005,0.7025667228100113
0.1155,0.02318296788592867,13.998,0.19808079159777242,29.982999999999997,0.030000000000001137,197.99999999999997,3.5802234567132847,60.3,0.7655063683601845
0.11379999999999998,0.02252465316048174,13.992,0.19701776569639637,29.980999999999995,-0.030000000000001137,197.57999999999998,3.207740637894531,60.529999999999994,0.8866228059327138
0.11370000000000002,0.022574543184746842,13.950999999999999,0.16937827487608936,29.977999999999998,-0.010000000000001563,199.02,3.424850361694655,60.7,0.8740709353364856
0.11640000000000002,0.022865694828716667,13.931999999999999,0.1536749816983887,29.981999999999992,0.03999999999999915,198.73000000000002,3.253321379759461,60.67999999999999,0.8806815542521594
0.11960000000000001,0.023143897683838826,13.981,0.12103305333668164,29.979999999999997,-0.03999999999999915,198.93,3.195637651549375,60.69,0.8791473141629901
0.11920000000000001,0.022872691140309664,13.999,0.12964952757337778,29.982999999999993,0.019999999999999574,198.6,3.4263683398023614,60.589999999999996,0.8949301648732145
0.12290000000000001,0.019831540535218135,13.975999999999999,0.10239140588936178,29.980000000000008,0.030000000000001137,198.36,3.5556152772762117,60.45,0.9583840566286563
0.11920000000000001,0.015071828024496563,13.978,0.10047885349664377,29.992999999999995,0.129999999999999,198.53000000000003,3.7010944327320265,60.279999999999994,1.0457533169921094
