vib_mean,vib_std,dist_mean,dist_std,temp_slope,rpm_mean,rpm_std
1.5441200000000002,0.14257615368637214,4.57,0.6072396561490364,0.0,61.04100000000001,1.50308649119071
1.55466,0.14240676388430432,4.378,0.5727442710320199,0.0,61.15,1.6047616645471072
1.6157299999999999,0.17881611252904472,4.281999999999999,0.61007868344993,0.0,61.259,1.6933661742222217
1.6229699999999998,0.17120209724182703,4.282,0.61007868344993,0.0,61.11900000000001,1.6420746024465525
1.6366100000000003,0.16915906981300172,4.376,0.5720699257957893,0.0,60.979000000000006,1.5767463334347738
1.6397499999999998,0.16601545861756367,4.470000000000001,0.5144511638630045,0.0,60.647000000000006,2.1446773650132096
1.6273,0.17463879866742096,4.4719999999999995,0.5148358961844054,0.0,60.70899999999999,2.1496439240022993
1.6220400000000001,0.1697162997475493,4.4719999999999995,0.5148358961844054,0.0,60.770999999999994,2.152814204709734
1.63129,0.16539285020822395,4.2780000000000005,0.43519650733892595,0.0,60.900999999999996,2.2441143019017558
1.6215,0.15782944592185577,4.2780000000000005,0.43519650733892595,0.0,61.03099999999999,2.324583618629368
1.62989,0.152715391824138,4.2780000000000005,0.43519650733892595,0.0,60.870000000000005,2.597729778094713
1.63841,0.15317496825526028,4.372,0.3810721716420656,0.0,60.739999999999995,2.514577499302816
1.59042,0.10392040030715817,4.468,0.28944084024200856,0.0,60.60999999999999,2.421611034001952
1.61774,0.10497191243375535,4.468,0.28944084024200856,0.0,60.548,2.416202806057472
1.6350500000000001,0.12494646253495933,4.3740000000000006,0.3821046976942313,0.0,60.486000000000004,2.409187414876643
1.64477,0.11647461568942821,4.2780000000000005,0.43958616902718844,0.0,60.647000000000006,2.1408692159961578
1.64866,0.11051193781669019,4.2780000000000005,0.43958616902718844,0.0,60.774,2.2042649568506962
1.61785,0.11800945936661178,4.279999999999999,0.44090815370097197,0.0,60.90099999999999,2.2587582872011787
1.6188500000000001,0.1178504666940271,4.3759999999999994,0.38312400081435766,0.0,60.90099999999999,2.2587582872011787
1.5993499999999998,0.11855982666991374,4.376,0.3831240008143576,0.0,60.900999999999996,2.2587582872011787
1.59362,0.12105329239636563,4.282,0.43785385689748113,0.0,60.799,2.4902909468574146
1.58231,0.11720976452497459,4.188,0.4679487151387424,0.0,60.674,2.4686887207584514
1.6074300000000001,0.12491413090599474,4.092,0.47608402619705675,0.0,60.54899999999999,2.440501792664779
1.58712,0.11721816241521617,4.0920000000000005,0.4760840261970568,0.0,60.549,2.440501792664779
1.56272,0.08052647763313629,4.284000000000001,0.6141530753810486,0.0,60.549,2.440501792664779
1.5593,0.08030575321855839,4.380000000000001,0.5734108474732579,0.0,60.662,2.323784843740917
1.5808399999999998,0.08794367743050094,4.38,0.573410847473258,0.0,60.72800000000001,2.3817128290371197
1.5980599999999998,0.07710338773361387,4.284,0.611018821314041,0.0,60.794000000000004,2.4364777856569924
1.59129,0.07917623949140297,4.286,0.611950978428828,0.0,60.727999999999994,2.3833749180521306
1.62863,0.11200439321740913,4.286,0.611950978428828,0.0,60.662,2.3271905809365934
1.64587,0.10642422703501304,4.380000000000001,0.5734108474732579,0.0,60.662,2.327190580936593
1.66005,0.10506178420339152,4.476000000000001,0.51558122541458,0.0,60.662,2.3271905809365934
1.63967,0.10392276025972368,4.57,0.42944149776191864,0.0,60.66199999999999,2.327190580936593
1.65886,0.10173651458547223,4.476,0.51558122541458,0.0,60.787,2.347539350042933
1.67167,0.10178497973669792,4.283999999999999,0.4347689041318386,0.0,60.912,2.361104826135425
1.66316,0.11444695015595656,4.1899999999999995,0.4654675069218043,0.0,60.799,2.4874462808269846
1.67393,0.1228791198698949,4.1899999999999995,0.4654675069218042,0.0,60.73299999999999,2.433964050679467
1.69208,0.12742488610942526,4.286,0.436077974678841,0.0,60.666999999999994,2.377448422153464
1.6914299999999998,0.12822885049785013,4.1899999999999995,0.4654675069218043,0.0,60.54,2.3162167428805094
1.65272,0.123594221547773,4.1899999999999995,0.4654675069218043,0.0,60.413,2.2461524881450052
1.65289,0.12364392787355145,4.096,0.4760504174979788,0.0,60.568,1.8888875032674655
1.6342399999999997,0.12708269118963447,3.9979999999999998,0.467114546979646,0.0,60.629999999999995,1.8971083258475252
1.63218,0.12852865672681715,4.0,0.46955297890653397,0.0,60.69199999999999,1.9032750720797034
1.5937100000000002,0.14847061291716956,4.093999999999999,0.47808367468467267,0.0,60.822,2.0110783177191287
1.58798,0.14415468636156092,4.1899999999999995,0.46957427527495577,0.0,60.952,2.1053778758218207
1.59589,0.13922041121904502,4.286,0.44045885165359083,0.0,60.791,2.398267916643176
1.59261,0.13431239295016675,4.1899999999999995,0.46957427527495577,0.0,60.664,2.341056171901905
1.5874000000000001,0.1267673853954557,4.093999999999999,0.47808367468467267,0.0,60.537,2.2753331624181987
1.63113,0.16821285949653195,4.0920000000000005,0.4800999895855028,0.0,60.475,2.267581310559778
1.6470599999999997,0.16185717284074871,4.093999999999999,0.48208298040897474,0.0,60.413,2.25810119348093
1.6326900000000002,0.16379215152137178,4.188000000000001,0.4720338970879103,0.0,60.577,2.014353742518925
1.6341900000000003,0.16288538577785303,4.286,0.44045885165359083,0.0,60.70399999999999,2.0858724793237005
1.6366399999999999,0.16152653156679864,4.284000000000001,0.43916283995802735,0.0,60.830999999999996,2.1475215947691892
1.6552499999999999,0.13599413406467206,4.284000000000001,0.4391628399580273,0.0,60.830999999999996,2.1475215947691892
1.68526,0.16622018048359832,4.188000000000001,0.4679487151387424,0.0,60.830999999999996,2.1475215947691892
1.73786,0.19384209140431807,4.188,0.4679487151387424,0.0,60.729,2.386865936746343
1.7405000000000002,0.19461033374412573,4.284,0.43916283995802735,0.0,60.666999999999994,2.3829143920837774
1.72865,0.1970805279574824,4.38,0.385123356861149,0.0,60.605,2.377339899972235
1.69194,0.1828067296354267,4.476000000000001,0.2854890540808876,0.129999999999999,60.605000000000004,2.377339899972235
1.7057300000000002,0.18453469619559354,4.476,0.2854890540808876,0.129999999999999,60.605000000000004,2.3773398999722355
1.71571,0.17822245341145995,4.380000000000001,0.385123356861149,0.0,60.662,2.323784843740917
1.7002099999999998,0.1982531283485837,4.284000000000001,0.43916283995802735,0.0,60.72800000000001,2.3817128290371197
1.7167400000000002,0.1924891955409446,4.286,0.44045885165359083,0.0,60.794000000000004,2.4364777856569924
1.7090900000000002,0.2009003357388932,4.287999999999999,0.4417420061529127,0.0,60.727999999999994,2.3833749180521306
1.66616,0.1852874156547066,4.3839999999999995,0.3870710529088942,0.0,60.662,2.3271905809365934
1.64072,0.1401947987622936,4.382000000000001,0.386103613036708,0.0,60.662,2.327190580936593
1.6076799999999998,0.13552129574351038,4.286,0.44045885165359083,0.0,60.662,2.3271905809365934
1.5947,0.13851389100014483,4.1899999999999995,0.46957427527495577,-0.129999999999999,60.66199999999999,2.327190580936593
1.59878,0.1392266483113057,4.1899999999999995,0.4695742752749558,-0.129999999999999,60.787,2.347539350042933
1.6001400000000001,0.14114885901062044,4.188000000000001,0.4679487151387424,0.0,60.912,2.361104826135425
1.6236299999999997,0.16443486886910577,4.382,0.5740696821815274,0.0,60.799,2.4874462808269846
1.6748100000000001,0.1625188693659909,4.476,0.51558122541458,0.0,60.73299999999999,2.433964050679467
1.68859,0.1716085513603562,4.474000000000001,0.5152125774862255,0.0,60.666999999999994,2.377448422153464
1.7026499999999998,0.1573394562720998,4.376,0.5754163709871313,0.0,60.54,2.3162167428805094
1.7084,0.15237976243583007,4.279999999999999,0.6122744482664615,0.0,60.413,2.2461524881450052
1.7093599999999998,0.1530750874571039,4.279999999999999,0.6122744482664615,0.0,60.568,1.8888875032674655
1.75152,0.14129068476017803,4.376,0.5754163709871313,0.0,60.629999999999995,1.8971083258475252
1.7471800000000002,0.14924803382289498,4.4719999999999995,0.5185518296178309,0.0,60.69199999999999,1.9032750720797034
1.7404799999999998,0.15523027282073557,4.4719999999999995,0.5185518296178309,0.0,60.822,2.0110783177191287
1.71571,0.1626401454131175,4.377999999999999,0.5760867990155649,0.0,60.952,2.1053778758218207
1.6749299999999998,0.16719495237596138,4.186,0.4663089104874577,0.0,60.791,2.398267916643176
1.6624400000000001,0.15414565968589578,4.092,0.47608402619705675,0.0,60.664,2.341056171901905
1.67044,0.16586333048627716,4.093999999999999,0.47808367468467267,0.0,60.537,2.2753331624181987
1.68761,0.16646523631076848,4.1899999999999995,0.4654675069218043,0.0,60.475,2.267581310559778
1.6838899999999999,0.16876560935214258,4.284000000000001,0.4347689041318386,0.0,60.413,2.25810119348093
1.6650500000000001,0.16243673383813156,4.284000000000001,0.4347689041318386,0.0,60.577,2.014353742518925
1.62729,0.14651646631010457,4.188000000000001,0.4638275541621043,0.0,60.70399999999999,2.0858724793237005
1.6540699999999997,0.13795349252556097,4.092,0.47203389708791016,0.0,60.830999999999996,2.1475215947691892
1.65497,0.1374592670575542,4.092,0.4720338970879102,0.0,60.830999999999996,2.1475215947691892
1.6808,0.14079460927180418,4.188000000000001,0.46382755416210436,0.0,60.830999999999996,2.1475215947691892
1.71174,0.12481991187306618,4.282,0.43344665185002856,0.0,60.729,2.386865936746343
1.69624,0.1257342451363192,4.378,0.37909893167879,0.0,60.666999999999994,2.3829143920837774
1.66119,0.09860003498985181,4.281999999999999,0.43344665185002856,0.0,60.605,2.377339899972235
1.6733999999999998,0.1172090354878838,4.188,0.46382755416210436,0.129999999999999,60.605000000000004,2.377339899972235
1.71876,0.1492836106208582,4.0920000000000005,0.4760840261970568,0.0,60.605000000000004,2.3773398999722355
1.7636600000000002,0.18162835241228178,4.0920000000000005,0.4760840261970568,0.0,60.662,2.323784843740917
1.78976,0.16288399675842935,4.188000000000001,0.4679487151387424,0.0,60.72800000000001,2.3817128290371197
1.8075500000000002,0.16498869809777889,4.284,0.4391628399580273,0.0,60.794000000000004,2.4364777856569924
1.8090500000000003,0.16300021625752528,4.286,0.44045885165359083,0.0,60.727999999999994,2.3833749180521306
1.8008000000000002,0.16457052591518329,4.1899999999999995,0.46957427527495577,0.0,60.662,2.3271905809365934
1.7997599999999998,0.1647163149174969,4.095999999999999,0.4800666620376799,0.0,60.662,2.327190580936593
1.8307299999999997,0.15675985487362512,3.9979999999999998,0.47120696089934827,0.0,60.662,2.3271905809365934
1.8515899999999998,0.13586452406717514,4.0920000000000005,0.4800999895855028,-0.129999999999999,60.66199999999999,2.327190580936593
1.8055500000000002,0.1836891028341094,4.186000000000001,0.4704083332595203,0.0,60.787,2.347539350042933
1.7640500000000003,0.17799799577523343,4.186000000000001,0.47040833325952025,0.0,60.912,2.361104826135425
1.73997,0.14645739346308198,4.188000000000001,0.4720338970879104,0.0,60.799,2.4874462808269846
1.7536999999999998,0.1560183258466774,4.092,0.4800999895855028,0.0,60.73299999999999,2.433964050679467
1.74392,0.14901008556470266,3.9959999999999996,0.46876859963099055,0.0,60.666999999999994,2.377448422153464
1.7326900000000003,0.16311775163972808,3.8999999999999995,0.4365317857842655,0.0,60.477999999999994,2.308682741305092
1.7625800000000003,0.18610951507110005,3.9959999999999996,0.4687685996309905,0.0,60.289,2.221785093117693
1.76056,0.18610593327457353,4.188,0.6380720962399155,0.0,60.49799999999999,1.760044317623849
1.74554,0.17779733518812932,4.1899999999999995,0.6362546659946785,0.0,60.62299999999999,1.802465256253224
1.7118200000000001,0.19556748093688792,4.1899999999999995,0.6362546659946785,0.0,60.74799999999999,1.8354171188043333
1.7306000000000001,0.17585738540078436,4.094,0.6455416330493331,0.0,60.878,1.943238533994219
1.71983,0.18638038013696617,4.096,0.6440372660025193,0.129999999999999,61.007999999999996,2.0371048083002514
1.71309,0.182951728332913,4.093999999999999,0.6425605029878508,0.129999999999999,60.795,2.4532519234681134
1.6685400000000001,0.18118139087665708,4.1899999999999995,0.6362546659946785,0.0,60.66799999999999,2.3975645976698936
1.6630200000000002,0.17761768943435788,4.1899999999999995,0.6362546659946785,0.129999999999999,60.541,2.333651430698252
1.66987,0.17189107626633796,4.286,0.6150804825386674,0.129999999999999,60.541,2.333651430698252
1.62159,0.12496331821778742,4.188000000000001,0.6380720962399153,0.0,60.541,2.333651430698252
1.62522,0.12915009717379233,3.996,0.4687685996309905,0.0,60.650999999999996,2.1873749107091807
1.6250900000000001,0.1289962049829374,3.9959999999999996,0.46876859963099055,0.0,60.781000000000006,2.2875421307595625
1.64546,0.11712362870061703,3.9979999999999998,0.47120696089934827,0.129999999999999,60.911,2.3764025332422114
1.6397100000000002,0.11960767910130186,4.095999999999999,0.48006666203767984,0.0,60.911,2.3764025332422114
1.66269,0.11126667470541214,4.191999999999999,0.471185738324071,-0.129999999999999,60.911,2.3764025332422114
1.6492499999999999,0.10460108269038138,4.098,0.48203319387776605,0.0,60.811,2.6133291028877323
1.6669,0.08720466730628586,4.0,0.47362432369970187,0.0,60.68900000000001,2.6226492331228743
1.6863,0.11988066566381754,4.0,0.47362432369970187,0.0,60.56700000000001,2.626275118870832
1.7172900000000002,0.12186890046275138,3.904,0.4426104381959377,0.129999999999999,60.629000000000005,2.63080386954254
1.74055,0.1089670523598762,4.002,0.4719703380510263,0.0,60.69100000000001,2.6338657900508142
1.7122200000000003,0.12807394582818163,4.098,0.48203319387776605,0.129999999999999,60.748000000000005,2.5837329583376065
1.69483,0.12985053754220657,4.192,0.47118573832407107,0.0,60.748000000000005,2.5837329583376065
1.7017400000000003,0.12993911035558156,4.19,0.46957427527495577,-0.129999999999999,60.748000000000005,2.5837329583376065
1.70377,0.12789354205744713,4.0920000000000005,0.4800999895855028,0.129999999999999,60.61800000000001,2.4968892646651355
1.72197,0.1417094566357517,3.996,0.4687685996309905,0.129999999999999,60.488,2.399882497123557
1.7259999999999998,0.13994855483355303,4.092,0.4800999895855028,0.0,60.588,2.1544920515054122
1.73582,0.13782670858726911,4.1899999999999995,0.46957427527495577,0.0,60.648,2.1439393648142198
1.69072,0.13477260700899124,4.1899999999999995,0.46957427527495577,0.0,60.70799999999999,2.1316463121259113
1.6701099999999998,0.12175135687128909,4.286,0.44045885165359083,0.129999999999999,60.835,2.188297283277571
1.69605,0.1632259002119455,4.1899999999999995,0.46957427527495577,0.0,60.962,2.2363175087630105
1.7265599999999999,0.15280824715963465,4.0920000000000005,0.4800999895855028,0.0,60.794999999999995,2.4503642586358456
1.7284099999999998,0.1514115943380823,3.9979999999999998,0.4712069608993482,0.129999999999999,60.729,2.3959442814890326
1.71681,0.1549039150570443,3.998,0.47120696089934827,-0.129999999999999,60.66299999999999,2.3383971005797957
1.73978,0.15032158727208808,4.094,0.47808367468467267,0.0,60.538,2.3112715115277984
1.71892,0.13989207840331772,4.1899999999999995,0.46957427527495577,0.0,60.413,2.2769718926679783
1.71343,0.14226682009519998,4.093999999999999,0.4780836746846726,0.0,60.57199999999999,1.9580337075750252
1.7089500000000002,0.14174912521775926,3.9979999999999998,0.46711454697964594,0.0,60.69699999999999,1.9916126631451203
1.7227000000000001,0.12635565677879246,3.996,0.46876859963099055,0.0,60.82199999999999,2.016902575733394
1.73678,0.12625086771979033,3.9940000000000007,0.4663089104874577,0.0,60.88799999999999,2.076399768830656
1.7142699999999997,0.08259301483781784,4.088,0.47608402619705675,0.0,60.95399999999999,2.1321969890232944
1.6891000000000003,0.08780291566912794,4.186,0.4663089104874577,0.0,60.795,2.4532519234681134
1.71528,0.10178060522516061,4.279999999999999,0.43653178578426555,0.129999999999999,60.66799999999999,2.3975645976698936
1.72867,0.0968563477527415,4.186000000000001,0.4663089104874577,-0.129999999999999,60.541,2.333651430698252
1.7400499999999997,0.11162085154665323,4.092,0.47608402619705675,0.0,60.541,2.333651430698252
1.7489900000000003,0.11144290421556681,3.9959999999999996,0.46465471051093393,0.0,60.541,2.333651430698252
1.7596899999999998,0.1041840913959516,4.09,0.47406750574153445,0.0,60.650999999999996,2.1873749107091807
1.77194,0.10425872817179384,4.184,0.46465471051093393,-0.129999999999999,60.781000000000006,2.2875421307595625
1.7663199999999997,0.11268969606845161,4.28,0.43211109682580456,0.0,60.911,2.3764025332422114
1.7483800000000003,0.12006592189293347,4.186,0.46217312773461827,0.0,60.911,2.3764025332422114
1.77138,0.14921241771380828,4.092,0.4720338970879102,0.0,60.911,2.3764025332422114
1.77073,0.150150864466376,3.9939999999999998,0.46217312773461827,-0.129999999999999,60.811,2.6133291028877323
1.74387,0.15155748117463555,3.9,0.4321110968258045,0.129999999999999,60.68900000000001,2.6226492331228743
1.7569400000000002,0.15725796768367575,3.9939999999999998,0.46217312773461827,0.0,60.56700000000001,2.626275118870832
1.7393399999999999,0.14679712667487743,4.088,0.47203389708791016,0.0,60.629000000000005,2.63080386954254
1.75793,0.16257825223565422,4.183999999999999,0.4646547105109339,0.0,60.69100000000001,2.6338657900508142
1.7505600000000001,0.16511496116342703,4.184,0.46465471051093393,0.129999999999999,60.748000000000005,2.5837329583376065
1.7465699999999997,0.1636785083631935,4.088,0.47608402619705675,0.0,60.748000000000005,2.5837329583376065
1.78884,0.16925095095744663,3.9939999999999998,0.4663089104874577,0.0,60.748000000000005,2.5837329583376065
1.80904,0.15965283711854292,4.088,0.47608402619705675,-0.129999999999999,60.61800000000001,2.4968892646651355
1.7778000000000003,0.13963683611425745,4.182,0.46711454697964594,0.129999999999999,60.488,2.399882497123557
1.8198899999999998,0.1280994180314649,4.2780000000000005,0.43519650733892595,0.0,60.588,2.1544920515054122
1.82004,0.1278601830125391,4.372,0.3810721716420656,0.0,60.648,2.1439393648142198
1.8166600000000002,0.12658894264508253,4.278,0.43519650733892595,0.0,60.70799999999999,2.1316463121259113
1.8244700000000003,0.12466076407595131,4.183999999999999,0.46465471051093393,-0.129999999999999,60.835,2.188297283277571
1.7889100000000002,0.12792414510169686,4.087999999999999,0.47203389708791016,0.0,60.962,2.2363175087630105
1.8267700000000002,0.13992733149745976,3.9939999999999998,0.46217312773461827,0.0,60.794999999999995,2.4503642586358456
1.8083500000000001,0.15514180771152564,4.092,0.4720338970879102,0.0,60.729,2.3959442814890326
1.77992,0.14279105574229783,4.186,0.4621731277346183,0.0,60.66299999999999,2.3383971005797957
1.7820399999999998,0.143552451738032,4.186,0.4621731277346183,0.0,60.538,2.3112715115277984
1.7694800000000002,0.15250069376891373,4.186000000000001,0.46217312773461827,0.0,60.413,2.2769718926679783
1.73795,0.1392658698317718,4.090000000000001,0.47406750574153445,-0.129999999999999,60.57199999999999,1.9580337075750252
1.7284799999999998,0.15000159865814766,3.9959999999999996,0.46465471051093393,0.0,60.69699999999999,1.9916126631451203
1.7337500000000001,0.154996382215844,4.092,0.4760840261970568,0.129999999999999,60.82199999999999,2.016902575733394
1.74149,0.16134226011804842,4.186,0.4663089104874577,0.0,60.88799999999999,2.076399768830656
1.7288900000000003,0.17489926500703198,4.282,0.4378538568974812,0.0,60.95399999999999,2.1321969890232944
1.72213,0.16370776432411505,4.3759999999999994,0.38312400081435766,0.0,60.795,2.4532519234681134
1.72121,0.16439569611154664,4.28,0.4365317857842655,0.129999999999999,60.605999999999995,2.3920501666980143
1.73704,0.17069990743992802,4.186,0.4663089104874577,0.0,60.416999999999994,2.313854144063536
1.7214300000000002,0.16740201940239546,4.092,0.47608402619705675,0.0,60.416999999999994,2.313854144063536
1.72394,0.16585598692841927,4.0920000000000005,0.4760840261970568,0.129999999999999,60.416999999999994,2.313854144063536
1.7383,0.16568100072126554,4.188000000000001,0.46382755416210436,0.0,60.584,2.115893192011354
1.7708400000000002,0.15131604805836024,4.282000000000001,0.43344665185002856,0.0,60.71400000000001,2.2232102914479324
1.74681,0.14761424355393346,4.282,0.43344665185002856,0.0,60.84400000000001,2.318301964800962
1.7343500000000003,0.13863698821021753,4.186,0.46630891048745776,0.0,60.843999999999994,2.318301964800962
1.7599099999999996,0.1125847276498904,4.09,0.4740675057415345,0.0,60.843999999999994,2.318301964800962
1.7580300000000002,0.10913144413962456,3.9959999999999996,0.46465471051093393,0.0,60.74400000000001,2.5579921813797637
1.78879,0.10177795881230865,4.09,0.47406750574153445,0.0,60.68399999999999,2.5690862188723838
1.7673,0.10397032268873652,4.184,0.46465471051093393,0.0,60.624,2.5787369001121467
1.7582900000000001,0.1139704211626859,4.2780000000000005,0.43519650733892595,0.0,60.686,2.58198063509392
1.7782900000000001,0.1075251454311967,4.279999999999999,0.4365317857842655,0.0,60.748000000000005,2.5837329583376065
1.79831,0.1267839299753719,4.185999999999999,0.4663089104874577,0.0,60.748000000000005,2.5837329583376065
1.7743099999999998,0.13750143599250159,4.092,0.47608402619705675,0.0,60.748000000000005,2.5837329583376065
1.78386,0.1325768320635246,3.9939999999999998,0.4663089104874577,0.0,60.748000000000005,2.5837329583376065
1.7489600000000003,0.1694414778028096,4.090000000000001,0.4740675057415345,0.0,60.61800000000001,2.4968892646651355
1.7860599999999998,0.2023493325909429,4.186,0.4663089104874577,0.0,60.488,2.399882497123557
1.77029,0.19470976580541619,4.281999999999999,0.4378538568974812,0.0,60.588,2.1544920515054122
1.7647000000000002,0.19162621950035966,4.284,0.43916283995802735,0.0,60.648,2.1439393648142198
1.77762,0.18846772031305525,4.1899999999999995,0.46957427527495577,0.0,60.70799999999999,2.1316463121259113
1.7774800000000002,0.18860245915682017,4.093999999999999,0.4820829804089748,0.0,60.835,2.188297283277571
1.76372,0.18909792066545847,3.9979999999999998,0.47120696089934827,0.0,60.962,2.2363175087630105
1.7526499999999998,0.17777889216664622,4.0920000000000005,0.4800999895855028,0.0,60.794999999999995,2.4503642586358456
1.7748300000000001,0.17200343048904582,4.186000000000001,0.4704083332595203,0.0,60.665,2.3578984286860187
1.7770800000000002,0.17190522854177537,4.282000000000001,0.4378538568974811,0.0,60.53499999999999,2.254170579170972
1.80457,0.13191740635715973,4.284000000000001,0.4391628399580273,0.0,60.410000000000004,2.2188195059535585
1.7446899999999999,0.11021946697385179,4.188,0.4679487151387424,0.0,60.285000000000004,2.175726315509374
1.7517600000000002,0.1153977833409291,4.092,0.47608402619705675,0.0,60.498000000000005,1.755675368625988
1.74301,0.11115197209226658,3.9959999999999996,0.46465471051093393,0.0,60.623000000000005,1.7981993771548246
1.69968,0.1588731242218142,4.09,0.47406750574153445,0.0,60.74799999999999,1.8312280032808586
1.7065000000000001,0.15568205420021924,4.186,0.4621731277346183,0.0,60.814,1.899132433507469
1.7252500000000002,0.16422458555283373,4.28,0.43211109682580456,0.0,60.879999999999995,1.9624729297496062
1.7230300000000003,0.16211355310398945,4.282,0.43344665185002856,0.0,60.721000000000004,2.30216181012543
1.70527,0.1592229760430322,4.282,0.43344665185002856,0.0,60.59599999999999,2.2744942294936688
1.70762,0.16047267555568456,4.188,0.46382755416210436,0.0,60.47099999999999,2.2395198146031214
1.72502,0.16871628137201225,4.09,0.4740675057415345,0.0,60.471000000000004,2.2395198146031214
1.7514800000000001,0.15449621872395455,4.09,0.4740675057415345,-0.129999999999999,60.471000000000004,2.2395198146031214
1.75446,0.15694819654905243,4.089999999999999,0.47406750574153445,0.0,60.584,2.115893192011354
1.71368,0.19814679810685812,4.183999999999999,0.46465471051093393,0.0,60.71400000000001,2.2232102914479324
1.73627,0.1664179800983055,4.184,0.46465471051093393,0.0,60.84400000000001,2.318301964800962
1.7483800000000003,0.1650901135743749,4.186,0.4663089104874577,0.0,60.843999999999994,2.318301964800962
1.7358700000000002,0.15908351297353224,4.188,0.4679487151387424,0.0,60.843999999999994,2.318301964800962
1.7514800000000001,0.1778537477817097,4.09,0.47810040786428937,0.0,60.74400000000001,2.5579921813797637
1.75227,0.17742492525008993,3.9940000000000007,0.47040833325952025,0.0,60.68399999999999,2.5690862188723838
1.7553,0.17852413842391174,4.088,0.48009998958550276,0.0,60.624,2.5787369001121467
1.74574,0.17402382135788194,4.186,0.47040833325952025,0.129999999999999,60.686,2.58198063509392
1.7076,0.20119800694837908,4.281999999999999,0.4422171412326753,0.0,60.748000000000005,2.5837329583376065
1.7006299999999999,0.1956823193341698,4.376,0.3881030790911094,0.0,60.748000000000005,2.5837329583376065
1.75929,0.16798355544516852,4.378,0.3890963890863033,0.0,60.748000000000005,2.5837329583376065
1.76993,0.15956974055252457,4.284,0.44351324670183184,0.0,60.748000000000005,2.5837329583376065
1.77136,0.15975965823699048,4.188,0.4720338970879103,0.0,60.61800000000001,2.4968892646651355
1.76118,0.16352389917073287,4.09,0.48209957477682963,0.0,60.488,2.399882497123557
1.7351699999999997,0.13835188506124518,4.188000000000001,0.4720338970879104,0.0,60.588,2.1544920515054122
1.7734999999999999,0.1629583259609646,4.284000000000001,0.43916283995802735,-0.129999999999999,60.71,2.148878777409279
1.73275,0.19133864873569062,4.286,0.44045885165359083,0.0,60.831999999999994,2.136294923459773
1.7021799999999998,0.20441095763192343,4.286,0.44045885165359083,0.0,60.959,2.185632402761269
1.7706199999999999,0.20710520901223128,4.1899999999999995,0.46957427527495577,-0.129999999999999,61.086,2.226648602721138
1.7381499999999999,0.2208289303963591,4.095999999999999,0.4800666620376799,0.0,60.864999999999995,2.5392370901512913
1.7304199999999998,0.21499485482215616,3.999999999999999,0.46955297890653397,0.0,60.73499999999999,2.4538388292632414
1.74574,0.21689756199644109,4.093999999999999,0.47808367468467267,0.0,60.605,2.358203765580912
1.7409199999999998,0.2161948602534297,4.188000000000001,0.4679487151387424,0.0,60.48,2.3281967270829997
1.7622700000000002,0.21725435806906152,4.284000000000001,0.4347689041318386,0.0,60.355,2.2909877782301664
1.76796,0.21797432050587978,4.284000000000001,0.43476890413183866,0.129999999999999,60.568000000000005,1.8887604400770357
1.7281,0.1997746430355965,4.1899999999999995,0.4654675069218043,0.0,60.69499999999999,1.965437610304636
1.74924,0.17651973374101831,4.093999999999999,0.47405063020736493,0.0,60.82199999999999,2.031308937606488
1.74518,0.1830131077272882,3.9979999999999998,0.4629859609102633,0.129999999999999,60.88799999999999,2.0903961347074866
1.7140799999999998,0.14476236941968032,3.9979999999999998,0.4629859609102633,0.0,60.95399999999999,2.14582944336217
1.7243100000000002,0.13247897531306618,4.092,0.4720338970879102,0.0,60.799,2.4902909468574146
1.69318,0.13348440208503762,4.188,0.46382755416210436,0.0,60.674,2.4686887207584514
1.67651,0.1239923259722149,4.188000000000001,0.46382755416210436,0.0,60.54899999999999,2.440501792664779
1.66538,0.12180022003264199,4.19,0.4654675069218043,0.0,60.549,2.440501792664779
1.6523799999999997,0.10516450732067355,4.095999999999999,0.4760504174979788,0.0,60.549,2.440501792664779
1.6497700000000002,0.10119369594989602,4.0,0.4654460226492433,0.0,60.662,2.323784843740917
1.63878,0.10701313751124206,3.999999999999999,0.4654460226492433,0.0,60.72800000000001,2.3817128290371197
1.7076800000000003,0.23235003249407993,4.094,0.47405063020736493,0.0,60.794000000000004,2.4364777856569924
1.74528,0.21572139810412874,4.188000000000001,0.46382755416210436,0.0,60.727999999999994,2.3833749180521306
1.7382000000000002,0.215768653886518,4.282000000000001,0.43344665185002856,0.0,60.662,2.3271905809365934
1.72243,0.23028280461206824,4.282000000000001,0.43344665185002856,0.0,60.662,2.327190580936593
1.72214,0.23050299867897597,4.184,0.46465471051093393,0.0,60.602,2.3372753367971
1.7337599999999997,0.2307524006375665,4.09,0.4740675057415345,0.0,60.54200000000001,2.3457825986224723
1.76819,0.23963461957738913,3.9939999999999998,0.46217312773461827,0.0,60.604000000000006,2.3515110035889686
1.7766100000000002,0.2399436244204042,4.09,0.47406750574153445,0.0,60.66600000000001,2.3555941925552455
1.7519200000000001,0.24930144323689746,4.183999999999999,0.4646547105109339,0.0,60.66600000000001,2.3555941925552455
1.74784,0.25313558106279727,4.2780000000000005,0.43519650733892595,0.0,60.66600000000001,2.3555941925552455
1.67888,0.16456597947327994,4.28,0.4365317857842655,0.0,60.66600000000001,2.3555941925552455
1.6744400000000002,0.1613910976479186,4.279999999999999,0.43653178578426555,0.0,60.539,2.293723828188564
1.70303,0.18747074998516433,4.186,0.4663089104874577,0.0,60.412,2.222893609689857
1.73358,0.16689125681113431,4.092,0.47608402619705675,0.0,60.513999999999996,1.9800616152029222
1.7425599999999999,0.15876940007444756,4.093999999999999,0.47405063020736493,0.0,60.636,1.9785206594827371
1.7301499999999996,0.1593471509001651,4.1899999999999995,0.4654675069218042,0.0,60.757999999999996,1.9694354521029636
1.70048,0.1351395708147691,4.286,0.436077974678841,0.0,60.885000000000005,2.0274873612429753
1.65685,0.15709112801173716,4.284,0.43476890413183866,0.0,61.012,2.0761685866036994
1.6721800000000002,0.15316144292869532,4.284000000000001,0.4347689041318386,0.0,60.791,2.4015680294341037
1.6738399999999998,0.15129335213418993,4.188000000000001,0.4679487151387424,0.0,60.66099999999999,2.3069219752735464
1.67391,0.1512763593559813,4.0920000000000005,0.47608402619705675,0.0,60.53099999999999,2.2005565205192976
1.6455899999999999,0.156855222737402,3.996,0.46876859963099055,0.0,60.468999999999994,2.1923706347239733
1.6165399999999999,0.1101906638513445,4.09,0.47810040786428937,0.0,60.407000000000004,2.1823934109138063
1.59108,0.10532587336452519,4.184,0.46876859963099055,0.0,60.568000000000005,1.8887604400770357
1.5845699999999998,0.10437436514776988,4.28,0.44090815370097186,0.0,60.69499999999999,1.965437610304636
1.57988,0.10158601084795091,4.2780000000000005,0.4395861690271884,0.0,60.82199999999999,2.031308937606488
1.5873700000000004,0.11149338141791196,4.276000000000001,0.43825106959367466,0.0,60.88799999999999,2.0903961347074866
1.60658,0.08974283035429625,4.182,0.46711454697964594,0.0,60.95399999999999,2.14582944336217
1.6163599999999998,0.10377519164039155,4.086,0.47808367468467255,0.0,60.799,2.4902909468574146
1.66126,0.13914831080541365,4.182,0.46711454697964594,0.0,60.674,2.4686887207584514
1.6632000000000002,0.13893860514630194,4.276000000000001,0.43825106959367466,0.0,60.54899999999999,2.440501792664779
1.6780000000000002,0.1268205661554939,4.372,0.3810721716420656,0.0,60.549,2.440501792664779
1.64635,0.1539070125108015,4.372,0.3810721716420656,0.0,60.549,2.440501792664779
1.66202,0.14567022207712876,4.372000000000001,0.3810721716420656,0.0,60.662,2.323784843740917
1.6729500000000002,0.14246598365925814,4.276,0.4338478996145997,0.0,60.72800000000001,2.3817128290371197
1.6812999999999998,0.14156197935886602,4.18,0.4654460226492432,0.0,60.794000000000004,2.4364777856569924
1.6764499999999998,0.13953030674373224,4.086,0.4740506302073648,0.0,60.727999999999994,2.3833749180521306
1.70302,0.14369833541137492,4.182,0.46711454697964594,0.0,60.662,2.3271905809365934
1.6810799999999997,0.14408714585277899,4.2780000000000005,0.43519650733892595,0.0,60.662,2.327190580936593
1.6852899999999997,0.15251461864359106,4.279999999999999,0.4365317857842655,0.0,60.662,2.3271905809365934
1.6987299999999999,0.15531673477124094,4.185999999999999,0.4663089104874577,0.0,60.66199999999999,2.327190580936593
1.7157699999999998,0.1568180094887064,4.092,0.47608402619705675,0.0,60.787,2.347539350042933
1.7307200000000003,0.1291414248024235,3.9979999999999998,0.467114546979646,0.0,60.912,2.361104826135425
1.73629,0.1268851563422609,3.902,0.43958616902718844,0.0,60.799,2.4874462808269846
1.7262999999999997,0.13462806542470998,3.9979999999999998,0.47120696089934827,0.0,60.799,2.4874462808269846
1.73032,0.13448735107808465,4.094,0.4780836746846726,0.0,60.799,2.4874462808269846
1.71177,0.1476746156250288,4.188000000000001,0.4679487151387424,0.0,60.672000000000004,2.435880949471874
1.70777,0.14452526457336098,4.186000000000001,0.46630891048745776,0.0,60.545,2.376422731754601
1.7173100000000001,0.13879837499048753,4.092,0.47608402619705675,0.0,60.647000000000006,2.1446773650132096
1.6857,0.10157024170494029,3.9959999999999996,0.46465471051093393,0.0,60.70899999999999,2.1496439240022993
1.69863,0.12063164634539313,3.9959999999999996,0.46465471051093393,0.0,60.770999999999994,2.152814204709734
1.7055,0.12827617861473734,4.09,0.47406750574153445,0.0,60.900999999999996,2.2441143019017558
1.6999,0.13662231882090128,4.184,0.46465471051093393,0.0,61.03099999999999,2.324583618629368
1.7013599999999998,0.13679500868087255,4.28,0.43211109682580456,0.0,60.870000000000005,2.597729778094713
1.70686,0.1328539212819855,4.2780000000000005,0.4307621153258487,0.0,60.739999999999995,2.514577499302816
1.6954799999999999,0.13407917660845028,4.182,0.46298596091026323,0.0,60.60999999999999,2.421611034001952
1.7138399999999998,0.12190638375409223,4.087999999999999,0.47203389708791016,0.0,60.548,2.416202806057472
1.69467,0.1211658371819384,3.992,0.46382755416210425,0.0,60.486000000000004,2.409187414876643
1.68686,0.12463645694579097,3.992,0.46382755416210425,0.0,60.647000000000006,2.1408692159961578
1.6830200000000002,0.12522476432399465,4.087999999999999,0.47608402619705675,0.120000000000001,60.774,2.2042649568506962
1.6504999999999999,0.09872685551560932,4.182,0.46711454697964594,0.0,60.90099999999999,2.2587582872011787
1.64774,0.09261135135608375,4.184,0.4687685996309905,0.0,60.90099999999999,2.2587582872011787
1.6677399999999998,0.07320698327345555,4.186,0.47040833325952025,0.0,60.900999999999996,2.2587582872011787
1.66956,0.07479454792964525,4.092,0.4800999895855028,0.0,60.799,2.4902909468574146
1.69117,0.09112337844922125,3.9979999999999998,0.4712069608993482,0.120000000000001,60.674,2.4686887207584514
1.70595,0.0919693671827745,3.999999999999999,0.46955297890653397,0.0,60.54899999999999,2.440501792664779
1.7214500000000001,0.10390266839691849,4.095999999999999,0.48006666203767984,0.0,60.549,2.440501792664779
1.7346599999999999,0.09748689347804658,4.192,0.46709313846383993,0.0,60.549,2.440501792664779
1.7151,0.13538236221901287,4.288,0.43737398185077253,-0.120000000000001,60.662,2.323784843740917
1.7350999999999999,0.13852214263430956,4.286,0.436077974678841,0.120000000000001,60.72800000000001,2.3817128290371197
1.74021,0.13414789934993393,4.191999999999999,0.4670931384638399,0.0,60.794000000000004,2.4364777856569924
1.73705,0.1319421104121046,4.095999999999999,0.47605041749797883,0.0,60.727999999999994,2.3833749180521306
1.7101700000000002,0.16469271416793155,3.999999999999999,0.46544602264924323,0.0,60.662,2.3271905809365934
1.73203,0.1811881621409081,3.998,0.467114546979646,-0.120000000000001,60.662,2.327190580936593
1.72579,0.17802694992612775,4.0920000000000005,0.4760840261970568,0.0,60.662,2.3271905809365934
1.7151,0.17779832395160533,4.186000000000001,0.46630891048745776,0.0,60.66199999999999,2.327190580936593
1.71259,0.17580789202990862,4.184,0.46465471051093393,0.0,60.787,2.347539350042933
1.6937799999999998,0.1812897448837082,4.09,0.47406750574153445,0.0,60.912,2.361104826135425
1.73387,0.15458277426673386,3.9939999999999998,0.46217312773461827,0.0,60.799,2.4874462808269846
1.7122199999999999,0.15242416999938033,3.8999999999999995,0.4321110968258045,0.120000000000001,60.73299999999999,2.433964050679467
1.71447,0.15160128660403907,3.8999999999999995,0.4321110968258045,0.120000000000001,60.666999999999994,2.377448422153464
1.68936,0.15353757976469473,3.9959999999999996,0.46465471051093393,0.120000000000001,60.54,2.3162167428805094
1.7150100000000001,0.1228290393188842,4.090000000000001,0.47406750574153445,0.120000000000001,60.413,2.2461524881450052
1.68674,0.09152643552548083,4.188,0.46382755416210436,0.0,60.568,1.8888875032674655
1.67605,0.08500393226198419,4.1899999999999995,0.4654675069218042,0.120000000000001,60.629999999999995,1.8971083258475252
1.6918700000000002,0.09649875698681303,4.095999999999999,0.4760504174979788,0.0,60.69199999999999,1.9032750720797034
1.6390800000000003,0.13636396738141637,4.002,0.4678846011571656,0.120000000000001,60.822,2.0110783177191287
1.68012,0.1643920545525239,4.098,0.4780334716314329,0.0,60.952,2.1053778758218207
1.67261,0.16029879257187185,4.192,0.46709313846383993,0.0,60.791,2.398267916643176
1.70752,0.18356477766717666,4.286,0.436077974678841,0.0,60.664,2.341056171901905
1.68961,0.19484025995671428,4.380000000000001,0.3801052485825471,0.0,60.537,2.2753331624181987
1.67152,0.21314507172346256,4.38,0.3801052485825471,0.0,60.475,2.267581310559778
1.6888099999999997,0.2188512209241703,4.286,0.436077974678841,0.120000000000001,60.413,2.25810119348093
1.7098099999999998,0.22675810217057296,4.1899999999999995,0.4654675069218043,0.0,60.577,2.014353742518925
1.77274,0.28902519336556115,4.093999999999999,0.47405063020736493,0.120000000000001,60.70399999999999,2.0858724793237005
1.79759,0.30313262262580715,4.093999999999999,0.47405063020736493,0.0,60.830999999999996,2.1475215947691892
1.8409599999999997,0.2585279605768011,4.1899999999999995,0.4654675069218042,0.0,60.830999999999996,2.1475215947691892
1.8265699999999998,0.25506574466203813,4.188,0.46382755416210436,0.0,60.830999999999996,2.1475215947691892
1.80735,0.26869899236878436,4.1899999999999995,0.4654675069218043,0.0,60.729,2.386865936746343
1.7659600000000002,0.2709088304208633,4.096,0.4760504174979788,0.0,60.666999999999994,2.3829143920837774
1.78446,0.2574055640424271,4.0,0.46955297890653397,0.0,60.605,2.377339899972235
1.7972900000000003,0.23969898393610273,3.904,0.4382510695936747,0.0,60.605000000000004,2.377339899972235
1.7582200000000001,0.2608074416116228,3.999999999999999,0.46955297890653397,0.0,60.605000000000004,2.3773398999722355
1.7435500000000002,0.25718434730752965,4.096,0.48006666203767984,0.0,60.662,2.323784843740917
1.6701899999999998,0.17694083446169234,4.1899999999999995,0.46957427527495577,0.0,60.72800000000001,2.3817128290371197
1.6103200000000002,0.12164091252535067,4.286,0.44045885165359083,0.0,60.794000000000004,2.4364777856569924
1.6289399999999996,0.1517167966970039,4.188000000000001,0.4720338970879104,0.0,60.727999999999994,2.3833749180521306
1.60074,0.13855079357405356,4.093999999999999,0.48208298040897474,0.0,60.662,2.3271905809365934
1.65944,0.20615866802053223,3.9979999999999998,0.4712069608993482,0.0,60.662,2.327190580936593
1.7063,0.23117381339589485,3.9979999999999998,0.4712069608993482,0.0,60.662,2.3271905809365934
1.7356900000000004,0.24365875502431678,4.093999999999999,0.47808367468467267,0.0,60.66199999999999,2.327190580936593
1.7579900000000002,0.23209615442742695,4.188000000000001,0.4679487151387424,0.0,60.787,2.347539350042933
1.7778800000000001,0.21228732322020555,4.186000000000001,0.46630891048745776,0.0,60.912,2.361104826135425
1.7919600000000002,0.21406929812563041,4.09,0.47406750574153445,0.0,60.799,2.4874462808269846
1.8061400000000003,0.2038460948853326,3.9959999999999996,0.46465471051093393,0.0,60.73299999999999,2.433964050679467
1.8195800000000002,0.18541853629019944,3.8999999999999995,0.4321110968258045,0.0,60.666999999999994,2.377448422153464
1.77713,0.20230236800393617,3.9,0.4321110968258045,0.0,60.54,2.3162167428805094
1.7750400000000002,0.2048171779905192,3.9940000000000007,0.46217312773461827,0.0,60.413,2.2461524881450052
1.75147,0.1748987481373152,4.09,0.47406750574153445,0.0,60.568,1.8888875032674655
1.6861599999999999,0.17912880951985366,4.183999999999999,0.4646547105109339,0.0,60.629999999999995,1.8971083258475252
1.6639200000000003,0.15481234317715112,4.184,0.46465471051093393,0.0,60.69199999999999,1.9032750720797034
1.66417,0.15492890014455024,4.088,0.47608402619705675,0.0,60.822,2.0110783177191287
1.6640000000000001,0.1549495659884209,3.9939999999999998,0.4663089104874577,0.0,60.952,2.1053778758218207
1.6474199999999999,0.13872493503332417,3.9939999999999998,0.4663089104874577,0.0,60.791,2.398267916643176
1.64862,0.13939182041999457,4.088,0.47608402619705675,0.0,60.664,2.341056171901905
1.67341,0.15233139170899743,4.182,0.46711454697964594,0.0,60.537,2.2753331624181987
1.7047900000000002,0.14747481445996127,4.279999999999999,0.4365317857842655,0.0,60.475,2.267581310559778
1.71341,0.13872220045832606,4.279999999999999,0.4365317857842655,0.0,60.413,2.25810119348093
1.70147,0.12804655442455293,4.2780000000000005,0.43519650733892595,0.0,60.577,2.014353742518925
1.70835,0.11139798247724236,4.183999999999999,0.46465471051093393,0.0,60.70399999999999,2.0858724793237005
1.7031399999999999,0.11071281046021728,4.089999999999999,0.47406750574153445,0.0,60.830999999999996,2.1475215947691892
1.7171500000000002,0.12241982886771242,4.09,0.4740675057415345,0.0,60.830999999999996,2.1475215947691892
1.71925,0.12132911645602631,4.184,0.46465471051093393,0.0,60.830999999999996,2.1475215947691892
1.7164899999999998,0.12167371491000017,4.2780000000000005,0.43519650733892595,0.0,60.729,2.386865936746343
1.71756,0.12184617515539829,4.2780000000000005,0.43519650733892595,0.0,60.666999999999994,2.3829143920837774
1.6758399999999998,0.13614161156677998,4.279999999999999,0.4365317857842655,0.0,60.605,2.377339899972235
1.6686899999999998,0.12997350845460778,4.183999999999999,0.46465471051093393,0.0,60.605000000000004,2.377339899972235
1.6682200000000003,0.1302043916310045,4.089999999999999,0.47406750574153445,0.0,60.605000000000004,2.3773398999722355
1.6976799999999996,0.17488374881617788,3.9959999999999996,0.46465471051093393,0.0,60.662,2.323784843740917
1.72078,0.1546787626017224,4.09,0.47406750574153445,0.0,60.72800000000001,2.3817128290371197
1.7214200000000002,0.15458108422442893,4.184,0.46465471051093393,0.0,60.794000000000004,2.4364777856569924
1.69524,0.14794005002027003,4.28,0.43211109682580456,0.0,60.727999999999994,2.3833749180521306
1.70614,0.1493487073931341,4.28,0.43211109682580456,0.0,60.662,2.3271905809365934
1.709,0.14926499924630687,4.282,0.43344665185002856,0.0,60.662,2.327190580936593
1.66548,0.19092834676914794,4.188,0.46382755416210436,0.0,60.662,2.3271905809365934
1.7232500000000002,0.20220938776426772,4.092,0.47203389708791016,0.0,60.66199999999999,2.327190580936593
1.7306000000000001,0.20441911358774645,4.092,0.4720338970879102,0.0,60.787,2.347539350042933
1.75793,0.20369386367782408,4.186,0.4621731277346183,0.0,60.912,2.361104826135425
1.6960600000000003,0.19587275563487636,4.282,0.43344665185002856,0.0,60.799,2.4874462808269846
1.7072699999999998,0.19786485311949667,4.284,0.43476890413183866,0.0,60.73299999999999,2.433964050679467
1.71032,0.19797511358754158,4.284000000000001,0.4347689041318386,0.0,60.666999999999994,2.377448422153464
1.71049,0.19789459037578563,4.1899999999999995,0.4654675069218043,0.0,60.54,2.3162167428805094
1.7129699999999999,0.19883313632289762,4.095999999999999,0.47605041749797883,0.0,60.413,2.2461524881450052
1.7026299999999999,0.20100541311118958,4.095999999999999,0.4760504174979788,0.0,60.568,1.8888875032674655
1.76317,0.15956786675267667,4.19,0.4654675069218042,0.0,60.693,1.923933730667457
1.71754,0.14358431112067915,4.284000000000001,0.43476890413183866,0.0,60.818,1.9503579158708282
1.6957200000000001,0.1421992953569039,4.380000000000001,0.3801052485825471,0.0,60.948,2.0477099403968326
1.6822100000000002,0.13040577019442043,4.382,0.38109841248685355,0.129999999999999,61.077999999999996,2.132729706268472
1.7207000000000001,0.10916456384743173,4.286,0.436077974678841,0.129999999999999,60.864999999999995,2.5390953113264567
1.7134800000000001,0.10651937664106,4.1899999999999995,0.4654675069218043,0.129999999999999,60.738,2.488906587238661
1.74562,0.1475880604927106,4.095999999999999,0.4760504174979788,0.129999999999999,60.611000000000004,2.431059234161109
1.76444,0.14194199660424675,4.191999999999999,0.4670931384638399,0.129999999999999,60.549,2.425697631610337
1.75369,0.14296941246294606,4.286,0.436077974678841,0.0,60.487,2.4187354133927084
1.79079,0.14990118378451855,4.286,0.436077974678841,0.129999999999999,60.650999999999996,2.1873749107091807
1.76921,0.1463611181290988,4.191999999999999,0.46709313846383993,0.0,60.781000000000006,2.2875421307595625
1.75521,0.169985460848862,4.191999999999999,0.46709313846383993,0.129999999999999,60.911,2.3764025332422114
1.7899100000000001,0.17151773348549124,4.094,0.47808367468467267,0.0,60.911,2.3764025332422114
1.75494,0.20949264999039943,3.9979999999999998,0.46711454697964594,0.0,60.911,2.3764025332422114
1.7371100000000002,0.21011940153160535,3.9979999999999998,0.46711454697964594,0.0,60.811,2.6133291028877323
1.73887,0.21004659982965684,4.0920000000000005,0.4760840261970568,0.0,60.68900000000001,2.6226492331228743
1.69532,0.18401932941949334,4.188000000000001,0.4679487151387424,0.0,60.56700000000001,2.626275118870832
1.7018499999999999,0.18891385470631847,4.186,0.4663089104874577,0.129999999999999,60.629000000000005,2.63080386954254
1.69235,0.19155559114784407,4.188000000000001,0.4679487151387424,0.0,60.69100000000001,2.6338657900508142
1.6715,0.1685181651929548,4.092,0.47608402619705675,0.129999999999999,60.748000000000005,2.5837329583376065
1.6797900000000001,0.1715509571526781,4.092,0.47608402619705675,0.0,60.748000000000005,2.5837329583376065
1.7130799999999997,0.14986595210387182,3.9979999999999998,0.467114546979646,0.0,60.748000000000005,2.5837329583376065
1.6924400000000002,0.12792663678843433,4.094,0.47405063020736493,0.0,60.61800000000001,2.4968892646651355
1.7351299999999998,0.08369341730387166,4.1899999999999995,0.4654675069218043,0.0,60.488,2.399882497123557
1.72072,0.10649543464393205,4.286,0.436077974678841,0.0,60.588,2.1544920515054122
1.6896499999999999,0.13765677789342595,4.287999999999999,0.4373739818507726,0.0,60.648,2.1439393648142198
1.6927400000000001,0.13633401043026644,4.1899999999999995,0.46957427527495577,0.0,60.70799999999999,2.1316463121259113
1.69695,0.14229345909071156,4.096,0.4800666620376799,0.0,60.835,2.188297283277571
1.7306700000000004,0.15401270759258795,3.9979999999999998,0.47120696089934827,0.0,60.962,2.2363175087630105
1.7224599999999999,0.15353299449955374,3.998,0.47120696089934827,0.0,60.794999999999995,2.4503642586358456
1.7383199999999999,0.1662504183453383,4.0920000000000005,0.4800999895855028,0.0,60.729,2.3959442814890326
1.71703,0.17570454774990885,4.188000000000001,0.4720338970879104,0.0,60.66299999999999,2.3383971005797957
1.72271,0.1774969884251561,4.188000000000001,0.4720338970879104,0.0,60.538,2.3112715115277984
1.73966,0.1931519464048965,4.0920000000000005,0.4800999895855028,0.0,60.413,2.2769718926679783
1.74481,0.18743932058135512,3.9959999999999996,0.46876859963099055,0.0,60.57199999999999,1.9580337075750252
1.7717899999999998,0.1567078137809344,3.9,0.4365317857842655,0.0,60.69699999999999,1.9916126631451203
1.7526199999999998,0.1805847380040739,3.9019999999999997,0.43519650733892595,0.0,60.82199999999999,2.016902575733394
1.7239800000000003,0.1755015658049808,3.9979999999999998,0.467114546979646,0.0,60.88799999999999,2.076399768830656
1.73253,0.1872120565027798,4.094,0.47405063020736493,0.0,60.95399999999999,2.1321969890232944
1.73874,0.18687722814725183,4.188000000000001,0.46382755416210436,0.0,60.795,2.4532519234681134
1.72196,0.17542350013609925,4.19,0.4654675069218043,0.0,60.66799999999999,2.3975645976698936
1.7440199999999997,0.1654054340098898,4.0920000000000005,0.4760840261970568,0.0,60.541,2.333651430698252
1.75286,0.17065378519095326,3.998,0.467114546979646,0.0,60.541,2.333651430698252
1.71496,0.15586857412576793,3.997999999999999,0.467114546979646,0.0,60.541,2.333651430698252
1.7351200000000002,0.1469008631696901,4.0920000000000005,0.4760840261970568,0.0,60.650999999999996,2.1873749107091807
1.74711,0.14820385588776025,4.186000000000001,0.46630891048745776,0.0,60.781000000000006,2.2875421307595625
1.8098200000000002,0.14451259322287455,4.28,0.4365317857842655,0.0,60.911,2.3764025332422114
1.81131,0.14268206930094618,4.279999999999999,0.4365317857842655,0.0,60.911,2.3764025332422114
1.7839300000000002,0.1253401136907096,4.185999999999999,0.4663089104874577,0.0,60.911,2.3764025332422114
1.7802799999999999,0.12660788127127004,4.092,0.47608402619705675,0.0,60.811,2.6133291028877323
1.7648199999999998,0.1359978882188985,3.9959999999999996,0.46465471051093393,0.0,60.68900000000001,2.6226492331228743
1.7805700000000002,0.14409027760400772,3.9979999999999998,0.4629859609102633,0.0,60.56700000000001,2.626275118870832
1.7424199999999999,0.15914830065068247,4.092,0.4720338970879102,0.0,60.629000000000005,2.63080386954254
1.77408,0.1607614369181864,4.188,0.46382755416210436,0.0,60.69100000000001,2.6338657900508142
1.7847899999999999,0.1629197744290116,4.188000000000001,0.46382755416210436,0.0,60.748000000000005,2.5837329583376065
1.78063,0.16257239648845687,4.19,0.4654675069218043,0.0,60.748000000000005,2.5837329583376065
1.7699799999999999,0.14491923819838418,4.095999999999999,0.4760504174979788,0.0,60.748000000000005,2.5837329583376065
1.78536,0.13849735159922738,4.0,0.4654460226492433,0.0,60.61800000000001,2.4968892646651355
1.79637,0.1392730487208491,3.9979999999999998,0.467114546979646,0.0,60.488,2.399882497123557
1.8110199999999999,0.13818058329591756,4.0920000000000005,0.4760840261970568,0.0,60.588,2.1544920515054122
1.8150400000000002,0.13291853294405567,4.186000000000001,0.46630891048745776,0.0,60.648,2.1439393648142198
1.8040800000000001,0.1279577258316199,4.282,0.43785385689748113,0.0,60.70799999999999,2.1316463121259113
1.8358700000000003,0.0826331174529922,4.282,0.43785385689748113,0.0,60.835,2.188297283277571
1.8100900000000002,0.09071732414484017,4.282000000000001,0.43785385689748113,0.0,60.962,2.2363175087630105
1.83121,0.1207843735753926,4.188,0.4679487151387424,0.0,60.794999999999995,2.4503642586358456
1.8190000000000002,0.13149547520732416,4.092,0.47608402619705675,0.0,60.729,2.3959442814890326
1.80885,0.12252710924526049,4.186,0.4663089104874577,0.120000000000001,60.66299999999999,2.3383971005797957
1.8220299999999998,0.12736468152513866,4.280000000000001,0.4365317857842655,0.0,60.538,2.3112715115277984
1.80857,0.13017645754897464,4.376,0.3780793567493469,0.0,60.413,2.2769718926679783
1.8038600000000002,0.12883681306210581,4.376,0.3780793567493469,0.120000000000001,60.57199999999999,1.9580337075750252
